<?xml version="1.0" encoding="UTF-8"?>
<methodResponse>
    <params>
        <param>
            <value>
                <array>
                    <data>
                        <value>
                            <string>Check point 12
</string>
                        </value>
                        <value>
                            <string>UPDATE table_name SET column1 = value1, column2 = value2 WHERE id = 15;
</string>
                        </value>
                        <value>
                            <string>DELETE FROM table_name WHERE condition;
</string>
                        </value>
                        <value>
                            <string>INSERT INTO table_name (column1, column2, column3, ...) VALUES (value1, value2, value3, ...);
</string>
                        </value>
                        <value>
                            <string/>
                        </value>
                    </data>
                </array>
            </value>
        </param>
    </params>
</methodResponse>