<?xml version="1.0" encoding="UTF-8"?>
<methodResponse>
    <params>
        <param>
            <value>
                <array>
                    <data>
                        <value>
                            <string>[28.07.2020 00:00:12] INSERT dg_company (company_name, classification) VALUES ('Netflix', 'B') ;
</string>
                        </value>
                        <value>
                            <string>[28.07.2020 00:00:12] DELETE dg_company WHERE company_name = 'DZ BANK' ;
</string>
                        </value>
                        <value>
                            <string>[28.07.2020 00:00:12] INSERT dg_company_representative (first_name, last_name,	email,	phone,	compnay_id) VALUES (Moaoia,Shatila,aa@qq.com,491779366666,2) ;
</string>
                        </value>
                        <value>
                            <string>[28.07.2020 00:00:12] UPDATE dg_company_representative OLDVALUES (Moaoia,Shatila,aa@qq.com,491779366666,2) NEWVALUES (update,update,update@qq.com,491779366666,2);
</string>
                        </value>
                        <value>
                            <string>[28.07.2020 00:00:12] DELETE FROM dg_company_representative  VALUES (Moaoia,Shatila,aa@qq.com,491779366666,2) ;</string>
                        </value>
                    </data>
                </array>
            </value>
        </param>
    </params>
</methodResponse>